supplier_id,supplier_name
433482450,Eimbee
48547165,Digitube
829950739,BlogXS
228673079,Avaveo
242817685,Katz
758494524,Yata
232743305,Lazz
9000119,Zoonder
963533049,Oozz
315241628,Jaxnation
938779384,Gabcube
549199424,Dabtype
26563112,Flashdog
915899007,Devshare
558389088,Cogilith
257062146,Roodel
61519076,Bluezoom
57196858,Skimia
117425033,Blogpad
439792253,Dabjam
544702479,Feedmix
260615253,Trupe
475097282,Meevee
493844540,Blogpad
364513173,Topicware
422014495,Plajo
674043362,Skyndu
334667894,Yotz
682309130,Vinder
435752151,Geba
803284990,Dazzlesphere
870326971,Kanoodle
418255869,Eimbee
160197101,Centimia
568235908,Livefish
656209866,Quatz
998640256,Rhyloo
710926845,Shuffledrive
295673732,Skyvu
492471217,Lazz
354627569,Devpulse
580873463,Yodo
825257224,Skipstorm
194187213,Camido
957156047,Dabtype
704636597,Fadeo
350429391,Rhynyx
481761622,Skinix
257415987,Tagopia
417729238,Realmix
702120990,Gigaclub
476872255,Katz
595702020,Brainverse
868416074,Skyba
799154185,Brainverse
288374164,Blogtag
376861726,Oba
338184917,Oyondu
134751009,Eayo
202576927,Avamba
824707146,Mybuzz
582131146,Twitterwire
542264308,Topicstorm
409147156,Katz
540312945,Vinder
562312524,Wordpedia
895743430,Kayveo
291560691,Meeveo
51007102,Npath
627668232,Riffpedia
962152767,Lajo
370996976,Vinte
404360171,Gevee
862924587,Dabjam
186827828,Wordify
291432001,Aibox
819277236,Yakitri
849413034,Mybuzz
114453951,Quinu
496083851,Thoughtmix
460411131,Photofeed
532471844,Centimia
367808625,Mydo
100383988,Edgeify
720241595,Quinu
107627936,Katz
898430880,Meemm
875469674,Dynabox
754066250,Wikizz
408172222,Youfeed
971551262,Katz
199780708,Oloo
675417091,Trudoo
854731534,Topdrive
174945505,Dabjam
79488632,Trunyx
648004141,BlogXS
321821895,Thoughtstorm
787266352,Youfeed
495911019,JumpXS
751903627,Voomm
890483542,Chatterbridge
571338386,Skinte
614247670,Yabox
31176217,Yakijo
668832383,Bubblebox
447604337,Jatri
446467502,Kare
914928216,Midel
569650404,Brightbean
942611193,Browseblab
577744116,Tagcat
886152915,Flashspan
949032643,Devcast
705919841,Livepath
693782045,Brainlounge
422106541,Gabvine
394880039,Viva
645289996,Realmix
668321802,Browsetype
316765646,Skyndu
837804531,Fivebridge
572025756,Dazzlesphere
830765024,Photobean
699332582,Realpoint
78090926,Pixonyx
167769987,Gevee
454715053,Blogtags
899764338,Zoombox
904534096,Realmix
864417850,Skalith
125662563,Twitterwire
114663182,Demivee
171231252,Jetwire
67081412,Skinte
965513929,Devbug
257901641,Kwimbee
705159048,Voonyx
881083774,Gigashots
520123409,Skinix
214505520,Digitube
418811166,Rhyloo
936998001,Skalith
110057835,Podcat
666841941,Wordware
783815054,Zooveo
576336273,Vimbo
245689517,Kwimbee
917883177,Feedfire
323869832,Bluejam
704538646,Demimbu
6805333,Kamba
778420920,Quire
574738672,Shuffledrive
884286227,Photobean
815885701,Thoughtmix
884183855,Jatri
780924768,Pixonyx
520622916,Kanoodle
557739118,Ozu
797041471,Avamm
600387810,Roomm
959445323,Browsetype
62862758,Kwimbee
981070604,Wikido
588279061,Youfeed
308538580,Wikibox
175468875,Meejo
639245144,Omba
416443129,Wordtune
284422578,Riffwire
75201107,Devshare
14317544,Yodoo
638361262,Talane
347381209,Photobug
911277174,Dabshots
599688346,Katz
88244585,Viva
827376019,Devshare
246035521,Quinu
904475123,Trunyx
855942570,Topdrive
537993174,Mybuzz
279968883,Skippad
821574299,Jabbersphere
343151199,Youbridge
262137885,Photofeed
438802879,Quatz
654030311,Feedmix
699284929,Bubblemix
816940300,Topicware
495597092,Shuffledrive
223074653,Photobug
420806579,Wordtune
413999203,Reallinks
147135795,Youfeed
57790378,Wordware
225064911,Oloo
613825182,Blogpad
822359317,Meeveo
304386295,InnoZ
387907081,Skinix
774710792,Tekfly
831048425,Voomm
829307733,Miboo
541881006,Mydeo
808631186,Riffwire
868797811,Zoomzone
306052164,Tagcat
812768218,Jaxworks
488845431,Feedbug
596290798,Chatterpoint
497628263,Skibox
634927603,Brightbean
730692753,Skipstorm
931804005,Flipopia
643965538,Skidoo
478319154,Trunyx
284611136,Youopia
392841614,Eimbee
285750716,Chatterbridge
694153675,Thoughtbeat
346678907,Thoughtbridge
629795038,Babbleopia
644898494,Meevee
741198973,Centimia
18019502,Vidoo
181108314,Meevee
178076972,Aibox
245763402,Topicblab
692898783,Wikibox
237719,Kamba
321782765,Abatz
405151141,Kimia
154448224,Flipopia
559529832,Eidel
768702139,Jayo
392576162,Youtags
291227037,Kazu
453318563,Quaxo
347265887,Tagopia
147244622,Tagtune
800680825,Devcast
941869620,Cogibox
991454924,Jayo
312812352,Riffwire
422525861,Yodo
795188344,Linktype
854549252,Gevee
495901752,Quaxo
871596467,Voolith
960015429,Jaxspan
575697172,Blognation
444956660,Jaxnation
639699608,Meetz
89120895,Meevee
234820516,Layo
755362986,Eabox
274936787,Photobug
36150558,Reallinks
383104533,Omba
316286696,Jabbersphere
603865077,Eayo
656114749,Devcast
400567748,Fivebridge
714674910,Babbleset
423616981,Quimm
436797350,Lajo
891349717,Ozu
393393869,Bubblemix
928306986,Topicstorm
709016191,Babblestorm
129833026,Mybuzz
55931927,Voonix
512152283,Einti
599796740,Brightdog
812924650,Voolith
860791525,Oyondu
694169493,Katz
688360350,Skyble
547111582,Oyoloo
102957996,Trudeo
960123393,Eamia
777834107,Dazzlesphere
47263363,Linklinks
157395480,Tagfeed
986774279,Yamia
650681200,Gigashots
787877171,Quinu
407737065,Skilith
338986242,Realbridge
327712617,Latz
275327847,Twitterbeat
131098639,Katz
753281709,Pixope
168697328,Omba
732104267,Skimia
39830515,Wordpedia
13080960,Voolith
84901714,Skidoo
401800752,Oba
538440478,Kwinu
585366583,Meevee
44560715,Abatz
784591417,Gevee
716766562,Roombo
507472259,Jaloo
510761164,Ozu
142319135,Izio
140098505,Feedfire
284659141,Tagopia
291121577,Trilia
537496148,Topdrive
937934398,Twitterwire
573238059,Browsezoom
230524744,Devpoint
564393559,Devpoint
617554469,Digitube
144141945,Voonder
324029679,Einti
825526786,Shufflester
65694690,Feedspan
234500301,Gabspot
564221480,Jaxworks
839605274,Yadel
348500377,Devbug
85235066,Jaxspan
635280643,Realcube
523591255,Mycat
347241913,Yodel
891553471,Midel
726493163,Thoughtstorm
665639462,Eire
502143802,Meembee
727843292,Skimia
676794930,Muxo
878936089,Twitterwire
905342165,Flipbug
15177793,Ntags
308202883,Voolia
907182724,Youspan
386431626,Omba
792198469,Einti
304103509,Gigashots
987915014,Voonder
171674304,Livetube
516667174,Skipfire
966096152,Thoughtblab
375998579,BlogXS
875700273,Blognation
443882451,Skidoo
694609770,InnoZ
864004155,Centidel
500505707,Twitterbeat
12103485,Brightbean
840906472,Yodo
793667207,Zoombeat
159479718,Talane
651601426,Ooba
527446162,Chatterbridge
153655585,Flipbug
808333051,Yakitri
786445877,Demimbu
77542313,Topiclounge
75002023,Eimbee
545375633,Meeveo
936881260,Realblab
672728844,Browsetype
267300925,Devshare
670249832,LiveZ
970552756,Janyx
848351656,Linklinks
463166919,Linktype
823134469,Skibox
43918892,Kanoodle
359061010,Jabbersphere
752864153,Ntag
825279395,Meejo
418002842,Topicshots
188807910,DabZ
220833504,Quire
833617509,Devpoint
278384345,Thoughtblab
957344024,Meevee
985911051,Vitz
134334930,Gigashots
444512764,Katz
552513001,Quamba
285217083,Centizu
14959336,Bubblemix
105405841,Realpoint
841237159,Tazz
653955947,Bubblebox
732012803,Feedfish
508624552,Kimia
269206626,Buzzbean
9123545,Gigabox
25752074,Yabox
867605412,Linklinks
685965506,Tagpad
419783326,Oyonder
239312988,Roodel
720023904,Photobug
725147323,Cogilith
458861540,Innojam
124336490,Rhyzio
175621176,Blogtag
907274816,Skyndu
427462717,Zava
254142945,Snaptags
463822024,Fiveclub
844728001,Eimbee
264547297,Dabfeed
914512016,Ooba
404179838,Vinder
406628853,Meembee
275412645,Jaxspan
648075250,Skalith
180658014,Pixonyx
376302250,Youbridge
684824786,Realpoint
620860407,Shufflester
983048407,Rhyloo
601593514,Geba
18532191,Bubblemix
795759351,Flashspan
584743510,Dazzlesphere
775669826,Browsecat
545294459,Oyoba
636837396,Livetube
173592527,Yotz
767120418,Photobug
324970478,Omba
437869229,Bluezoom
459976429,Thoughtstorm
747260855,Shufflebeat
29971489,LiveZ
978217402,Buzzshare
295429338,Rhybox
459122948,Kwilith
568250880,Vidoo
82189429,Aivee
675961997,Vitz
795085241,Avamba
723606358,Centimia
375197762,Plajo
144835712,Fliptune
19004509,Jetpulse
856706379,Tanoodle
50504384,Babblestorm
395062186,Jaxspan
961774040,Kayveo
560927992,Zooxo
415874864,Skyble
782839751,Demivee
808487493,Zazio
444296199,Flashset
309420054,Izio
202015639,Zoombox
270614764,Devpulse
124319207,Oyondu
410833955,Skipfire
790861717,Janyx
297746779,Twitterwire
767979430,Twitterbridge
299684976,Katz
28117933,Buzzbean
314839201,Tagchat
717278611,Ntag
82091598,Blogspan
626482577,Katz
361389045,Kazio
912159838,Bluezoom
231979965,Shufflester
952001972,Jabberstorm
515194588,Tanoodle
696662257,Skidoo
337337313,Livetube
521303457,Agivu
422014328,Avaveo
331411402,Gigaclub
209520731,Jaxspan
114306041,Wordpedia
335465056,Yata
713008176,Topicblab
456026533,Devpoint
666808738,Gigaclub
179636051,Abata
810728266,Quaxo
1319278,Skynoodle
84393820,Demivee
75787055,Shuffledrive
382004863,Twitterlist
552691746,Camido
610409004,Voomm
369649838,Dynabox
951489287,Skibox
144865626,Skyndu
694724067,Meedoo
788886073,Chatterbridge
390551703,Zoozzy
187434684,Browsecat
963931428,Jabbersphere
736255112,Yadel
296895014,Mynte
561105754,Photobug
67761072,Trilia
548764296,Fiveclub
416288713,Feedmix
905540576,Kayveo
547248610,Rhyloo
358358848,Oyoloo
289773789,Skidoo
671374215,Wordify
180851667,Shuffledrive
672523923,Lajo
25100629,Eidel
725097548,Dabjam
309343251,Rhybox
682008955,Mynte
264388349,Jatri
864873354,Centidel
510541226,Centizu
57270033,Quinu
214163796,Feednation
88283804,Eire
609596355,Zoonder
61591957,Skiba
16650053,Zoovu
620119357,Quatz
359796839,Yoveo
758673635,Realcube
135261392,Vimbo
957219228,Brightbean
70555188,Gigashots
164744516,Brightdog
933581118,Yakijo
406964237,Photobug
191563869,Camimbo
341617429,Zoomlounge
752565638,Tavu
729319828,Brainsphere
348240575,Brainverse
329141424,Tazz
848699980,Zazio
106946636,Aivee
602841974,Quatz
576150729,Vitz
423808881,Edgepulse
640707611,Bubblebox
535841853,Tagtune
704449176,Yombu
422547371,Divape
819997392,Thoughtbeat
551342668,Mybuzz
991780951,Meemm
582266435,Browsecat
620290827,Fivebridge
79593210,Browseblab
981559583,Buzzshare
737447022,Thoughtstorm
669734855,Yodoo
539981422,Kwideo
861844829,Geba
386036412,Voolia
754656257,Feedspan
122644503,Dynabox
240875935,Browsebug
586577257,Youspan
617967912,Kare
859787855,Devbug
805675598,Skipfire
839419620,Rooxo
21567270,Meedoo
662271125,Devshare
755537424,Youspan
676740287,Camido
74102867,Rooxo
267960872,Avavee
648313071,Rhycero
806226587,Tagcat
383305543,Eimbee
441996832,Jetpulse
93871119,Mudo
388192922,Skynoodle
643614238,Rhycero
74320137,Yadel
812340741,Jabberstorm
859321011,Feedbug
182607354,Realfire
799556260,Tagpad
684151025,Yambee
229596357,Lajo
617930279,Demimbu
997844391,Voolia
603948955,Cogidoo
410070132,Twimm
849498378,Twitterwire
901776733,Rhyloo
967860667,Edgewire
936254768,Latz
400705881,Topicstorm
47865408,Buzzdog
783790369,Gigashots
340145873,Skynoodle
327458366,Rhynoodle
788771866,Skyble
759061086,Demizz
147032550,Jaxspan
99026272,Shufflebeat
325060556,Devpulse
485388538,Tagtune
81412402,Yotz
231092205,Tagchat
20579401,Meevee
899592254,Flipopia
620448874,Babblestorm
979940773,Zoovu
141080409,Dabtype
299753449,Wikizz
990347010,Yata
663174895,Jabbertype
198095654,Abata
485575036,Quatz
719915737,Izio
402608547,Abata
941571762,Devpulse
503784320,Chatterpoint
129504397,Abatz
625998388,Twinte
512135660,Ainyx
845047617,Youfeed
63150552,Jabbersphere
231788962,Jaloo
733834390,Feedmix
79874536,Gigabox
759856744,Youbridge
611008296,Yambee
184455057,Topicblab
70673439,Tanoodle
508770990,Mymm
304603122,Shuffledrive
916327343,Layo
110319939,Centimia
199859694,Wikizz
878407803,Jayo
618673019,Dabtype
704024816,Kwilith
816763345,Gabvine
720132438,Eidel
404433362,Realcube
942174781,Flipbug
43917610,Tagfeed
12850018,Meezzy
780984468,Avaveo
335239077,Gabspot
661749633,Linkbridge
753657696,Talane
901757764,Bubblebox
840470017,Devshare
619070994,Skilith
569693705,Feedfish
435426868,Ainyx
786297560,Meevee
956091485,Zoonder
190982529,Babblestorm
635222633,Skiptube
268604618,Innotype
332654588,Linkbridge
831725527,Skaboo
754481356,Wikido
110983982,Wikivu
220505775,Jaxworks
894396947,Avavee
910306609,Fivebridge
560501773,Photobean
549076531,Demivee
619129541,Realblab
849235086,Tavu
318926816,Kwilith
459030036,Voonyx
899926472,Twimm
516006076,Skajo
229406543,Vipe
734453017,Jazzy
600032919,Livepath
150626342,Topiczoom
11658830,Babbleblab
311635871,Yodoo
25305932,Edgewire
618070746,Edgetag
293590109,Oozz
236886256,Trupe
38823517,Kaymbo
487008059,Feedfire
100086747,Shuffletag
691126969,Skajo
867095618,Rhynoodle
954843134,Yoveo
63034127,Zoombox
275572375,Roombo
537181768,Devcast
789545649,Tambee
262805472,Myworks
911912324,Thoughtbeat
985877923,Bluejam
109500546,Camimbo
470260505,Vidoo
61759657,Babblestorm
679223399,Feedbug
272924656,Zava
894682696,Topiclounge
4872428,Meembee
937199817,Feedfire
939001170,Kwideo
22720535,Livetube
780243286,Kanoodle
855320172,Roombo
971509199,Skynoodle
741195491,Feedfire
141902260,Skiptube
603095783,Zoovu
912167668,Cogilith
400028400,Fliptune
616048116,BlogXS
359412585,DabZ
509181373,Twitternation
858237428,Skimia
958898592,Mydeo
645847898,Zava
292959755,Eare
852723969,Quatz
487075857,Buzzdog
644522395,Fivebridge
251903172,Jayo
646041679,Browsetype
523404509,Ainyx
194699841,Kayveo
510108144,Buzzster
964054286,Aivee
214908051,Dynabox
686091972,Vinder
771752969,Zoonoodle
394647300,Rhycero
459237206,Flashset
173455800,Realblab
574868971,Tazz
192647608,Jetwire
619174271,Eadel
295217910,Skivee
952419348,Fivebridge
598499942,Photobean
839365065,Photolist
184904140,Skaboo
753695047,Rhyzio
2582525,Thoughtbeat
111469880,Quire
418679911,Youbridge
14458931,Thoughtblab
958781614,Buzzshare
396769308,Tanoodle
6354638,Eidel
510543811,BlogXS
589452944,Vimbo
985585813,Eadel
973255889,Twitterbridge
723068602,Kwinu
891590852,Eazzy
708257341,Chatterpoint
555578544,Layo
169333355,Ntags
995536838,Skipfire
834012709,Youbridge
471834911,Mydo
386225251,Midel
477324446,Demizz
909409550,Eabox
574125368,Jetpulse
100608515,Skivee
918591733,Feedfish
409074937,Voonder
343346888,Topicstorm
260735798,Oyoyo
144276604,Leenti
417131053,Vinder
468304835,Mudo
388833382,Mydeo
766412070,Flashspan
700646828,Tanoodle
684930378,Innojam
43130298,Miboo
690876645,Linktype
323711686,Avaveo
216345781,Vipe
880206814,Centizu
347309079,Gigazoom
465907639,Youopia
226446447,Quamba
59666460,Talane
154665131,Yabox
290099132,Thoughtblab
824823670,Gigabox
277727906,Gigazoom
166564821,Camido
121407809,Quatz
869957254,Devpulse
746194608,Roomm
179391338,Jamia
264119126,Skajo
503053936,Twitterworks
283141189,Shuffletag
994550707,Mudo
394127454,Geba
186311458,Zooxo
944533755,Blogspan
929916167,Meeveo
623122748,Camido
677717656,Photospace
340179457,Layo
211560102,Viva
698327009,Meevee
461719624,Livetube
534979614,Jaxbean
565541762,Cogibox
749434552,Demivee
740627176,Dynazzy
292731595,Vidoo
261356134,Quatz
936196639,Quamba
204262191,Dabvine
228365101,Livepath
32205535,Skivee
422248186,Oyoloo
218290398,Edgewire
647523122,Divanoodle
605087567,Fatz
343035097,Jazzy
910023027,Flipopia
546591177,Twiyo
804625807,Gabspot
83592568,Tagpad
740327560,Wikido
377285274,Flipbug
201039525,Eare
755039347,Gigazoom
221520111,Skippad
257693792,Skaboo
158520491,Gigazoom
395218484,Thoughtsphere
886475082,Quatz
844983849,Vinte
425797177,Voonte
641181480,Buzzster
872016047,Quinu
370573553,Brightbean
155500171,Vinder
949586101,Twitterbeat
219325200,Skimia
575442465,Yoveo
484504126,Yombu
657973468,Skyndu
597813399,Youtags
572042098,Rhynyx
822661796,Skyba
547493622,Devbug
353707603,Aimbu
408004739,Voolith
284365158,Wikibox
110964003,Trudeo
307807583,Teklist
499010828,Fivespan
378789392,Jetpulse
782031075,Dynazzy
733939432,Jabbercube
143259173,Yozio
48662231,Rhyzio
861736891,Avamm
319557362,Yodo
989407545,Skipfire
311993683,Brainverse
164191419,Brainverse
485623582,Flashspan
131799553,Babblestorm
575916452,Jabbersphere
132908513,Topiclounge
232801300,Lazz
392996093,Jabberstorm
909981236,Vimbo
262221156,Skinix
32574437,Trilia
903788463,Twitterbeat
766717104,Linklinks
370792530,Oba
156553923,Browsezoom
658426819,Kamba
197044404,Rooxo
276361606,Kamba
904451753,Yombu
372812537,Kwideo
790917381,Katz
975710561,Bubblemix
172396309,Mydo
995708162,Browsedrive
426382086,Shufflester
380371699,Jaxnation
198937698,Pixoboo
878396400,Jabbertype
83120872,Buzzshare
270609944,Topicshots
129474739,Mybuzz
90906360,Centizu
417726271,Browsezoom
217921000,Oyoyo
698610313,Voomm
321964714,Flipopia
281627486,Snaptags
359274986,Photospace
206081290,Photospace
738309633,Blognation
21655779,Npath
630570462,Jazzy
187332453,Dynava
170848551,Ozu
937123934,Flipbug
632312829,Miboo
886633393,Photojam
922961266,Thoughtsphere
747297466,Skipfire
74710050,Fiveclub
298215359,Babbleopia
595957531,Roomm
343899922,Linklinks
646743902,Thoughtblab
51812682,Skidoo
265933478,Eire
216978128,Skalith
892265813,Eimbee
91530763,Skibox
532437800,Yakitri
379212953,Thoughtworks
626870951,Oyondu
868414440,Yamia
279708649,Mynte
205320144,Buzzbean
341586684,Eidel
941459423,Janyx
488783021,Yamia
134579946,Dabshots
796561990,Yodo
561969896,Tagopia
430353382,Kanoodle
418210197,Innojam
676623444,Mydeo
94896314,Jabbercube
350006015,Aibox
503145433,Brainbox
551566528,Topicblab
260804944,Pixonyx
971430641,Yozio
375675710,Fanoodle
996802351,Innojam
743572990,Twitternation
737170190,Vinder
429762737,Edgeclub
969187047,Topicshots
324586452,Zava
914176283,Shuffletag
757938978,Plajo
233192681,Feedmix
229468052,Meevee
379963243,Trilith
940066480,Dynava
580534926,Kazu
490922735,Geba
957782888,Quinu
436052448,Kamba
812336894,Babblestorm
198755642,Devpulse
25757332,Realblab
612228413,Viva
379947932,Skimia
425231857,Twitterwire
688855553,Zoovu
439772343,Avaveo
852115357,Izio
397147313,Yakidoo
541329762,Flipopia
274067972,Topdrive
510144287,Gigazoom
379020286,Lazz
