product_id,supplier_id,date_received,stock_quantity,reorder_level,reorder_quantity,unit_price,sales_volume,turnover_rate,warehouse_id
290176255,433482450,2024-03-01,46,64,17,4.6,96,55,1
795698856,48547165,2024-04-01,51,87,86,2.0,24,83,2
281462641,829950739,2024-04-01,38,67,66,12.0,35,24,3
115819869,228673079,2024-05-01,51,60,98,1.5,44,95,4
132024809,242817685,2024-05-01,27,22,89,7.0,91,77,5
701452550,758494524,2024-05-01,91,6,37,2.4,38,70,6
106268536,232743305,2024-05-01,17,85,74,5.0,76,89,7
428799478,9000119,2024-06-01,81,22,20,10.0,95,77,8
823805378,963533049,2024-06-01,78,24,31,9.0,60,41,9
232658144,315241628,2024-06-01,55,50,56,1.7,62,26,10
623939939,938779384,2024-06-01,60,9,89,9.0,95,63,11
903439640,549199424,2024-07-01,53,89,100,10.0,22,83,12
368995324,26563112,2024-08-01,94,58,17,2.9,57,74,13
415383129,915899007,2024-09-01,77,79,65,4.0,62,75,14
478438207,558389088,2024-09-01,34,92,26,2.5,28,71,15
940712261,257062146,2024-09-01,79,37,98,4.5,33,20,16
129983882,61519076,2024-10-01,76,54,76,2.5,69,27,17
361274273,57196858,2024-10-01,50,46,38,6.2,88,70,18
131442169,117425033,2024-10-01,25,62,11,3.0,57,98,19
869786666,439792253,2024-10-01,38,43,28,2.7,34,54,20
406819981,544702479,2024-11-01,45,77,2,20.0,85,1,21
139626263,260615253,2024-12-01,49,1,28,2.0,97,95,22
100026494,475097282,2024-03-02,89,92,62,4.8,46,11,23
297418132,493844540,2024-03-02,47,22,69,4.0,26,59,24
308063823,364513173,2024-03-02,53,26,3,4.75,100,94,25
710746292,422014495,2024-04-02,65,79,49,4.0,100,9,26
957384658,674043362,2024-04-02,90,68,74,12.0,81,26,27
551544728,334667894,2024-04-02,65,63,41,20.0,28,26,28
462553073,682309130,2024-05-02,30,42,8,7.0,48,23,29
956400293,435752151,2024-05-02,34,32,22,4.5,42,27,30
452504679,803284990,2024-05-02,54,78,81,1.5,41,63,31
38333577,870326971,2024-05-02,67,14,25,1.8,81,77,32
89613009,418255869,2024-06-02,50,14,6,9.2,60,72,33
204054865,160197101,2024-06-02,13,39,98,0.9,46,46,34
493779731,568235908,2024-06-02,18,8,68,2.0,54,45,35
398102042,656209866,2024-06-02,24,2,49,2.0,98,82,36
538059523,998640256,2024-07-02,40,30,65,4.5,54,29,37
143055348,710926845,2024-08-02,53,63,2,9.0,56,95,38
514595630,295673732,2024-08-02,11,30,4,4.0,84,4,39
881835781,492471217,2024-08-02,17,63,3,3.5,93,26,40
417359837,354627569,2024-08-02,14,77,78,10.0,32,24,41
889770175,580873463,2024-08-02,100,1,26,5.0,47,79,42
663272821,825257224,2024-08-02,67,57,36,1.8,78,60,43
81143922,194187213,2024-09-02,60,64,36,10.0,34,48,44
950902788,957156047,2024-09-02,45,7,58,6.5,86,77,45
266903784,704636597,2024-10-02,58,5,1,2.0,53,80,46
467538430,350429391,2024-10-02,98,77,7,7.0,92,29,47
159057750,481761622,2024-12-02,42,61,52,5.0,86,99,48
118918213,257415987,2024-12-02,38,62,47,4.0,41,34,49
828117988,417729238,2024-03-03,36,3,54,6.0,74,8,50
317464951,702120990,2024-04-03,67,60,21,2.75,30,6,51
973007511,476872255,2024-04-03,37,53,61,1.0,90,89,52
883042855,595702020,2024-04-03,20,51,33,3.5,80,41,53
530082419,868416074,2024-04-03,62,36,96,4.75,31,25,54
763404432,799154185,2024-05-03,19,36,72,1.75,31,81,55
260109519,288374164,2024-05-03,29,72,96,12.0,85,52,56
89408578,376861726,2024-05-03,34,29,65,2.0,90,23,57
543749986,338184917,2024-06-03,92,52,80,2.5,72,96,58
676259704,134751009,2024-06-03,33,18,92,6.0,98,56,59
566356764,202576927,2024-06-03,12,59,62,4.5,75,92,60
104450741,824707146,2024-06-03,83,17,39,10.0,33,20,61
765844790,582131146,2024-06-03,21,52,80,4.0,49,37,62
574371828,542264308,2024-07-03,37,30,74,4.0,62,25,63
627776010,409147156,2024-07-03,77,20,37,4.25,42,19,64
69553428,540312945,2024-08-03,30,38,83,6.0,31,34,65
47580410,562312524,2024-08-03,26,21,47,10.0,40,59,66
66555498,895743430,2024-08-03,72,82,52,9.75,51,95,67
764017083,291560691,2024-09-03,59,79,87,6.0,47,18,68
304292162,51007102,2024-10-03,34,96,76,6.15,90,34,69
497300159,627668232,2024-10-03,82,3,82,2.4,48,31,70
317456850,962152767,2024-10-03,94,90,12,0.9,98,71,71
694685468,370996976,2024-11-03,59,78,6,4.5,32,3,72
686364774,404360171,2024-11-03,18,50,77,1.45,44,19,73
211206238,862924587,2024-12-03,55,33,14,1.75,34,62,74
929958689,186827828,2024-12-03,31,65,94,9.0,63,7,75
150458444,291432001,2024-03-04,27,12,93,12.0,88,83,76
735676194,819277236,2024-03-04,76,81,85,4.0,65,68,77
482428445,849413034,2024-03-04,40,3,5,4.0,45,69,78
335079886,114453951,2024-04-04,68,25,16,3.5,25,83,79
800256757,496083851,2024-04-04,59,29,100,5.5,74,16,80
362969609,460411131,2024-05-04,24,35,14,2.5,91,71,81
560548664,532471844,2024-05-04,59,82,69,2.45,30,34,82
644784745,367808625,2024-06-04,63,81,94,2.5,56,2,83
675461568,100383988,2024-06-04,57,36,53,4.0,56,32,84
102182680,720241595,2024-06-04,39,93,57,2.5,26,44,85
465201819,107627936,2024-07-04,41,36,78,4.5,38,75,86
877915803,898430880,2024-07-04,25,44,96,18.0,36,16,87
714365841,875469674,2024-07-04,87,91,94,2.5,47,4,88
76791199,754066250,2024-07-04,20,65,61,2.0,51,78,89
489578596,408172222,2024-09-04,95,25,91,53.82,87,5,90
203251965,971551262,2024-09-04,56,75,13,5.0,42,53,91
510690489,199780708,2024-10-04,96,83,50,1.5,81,89,92
174934579,675417091,2024-10-04,76,8,2,9.5,24,53,93
466223434,854731534,2024-10-04,17,19,74,4.75,58,27,94
58991428,174945505,2024-10-04,14,75,10,10.0,65,62,95
606328752,79488632,2024-11-04,96,16,48,5.0,45,68,96
658549364,648004141,2024-11-04,30,34,96,6.3,61,13,97
662688345,321821895,2024-12-04,91,84,11,3.0,56,90,98
136737016,787266352,2024-12-04,47,67,57,4.0,36,48,99
200543716,495911019,2024-03-05,11,6,100,5.0,88,24,100
110730189,751903627,2024-04-05,95,50,76,4.0,69,5,101
407937235,890483542,2024-04-05,92,67,51,4.0,23,78,102
568943733,571338386,2024-04-05,85,83,13,1.75,49,75,103
831177658,614247670,2024-04-05,92,3,81,5.0,62,20,104
729892512,31176217,2024-04-05,24,21,4,6.0,85,17,105
582291358,668832383,2024-04-05,21,24,2,2.35,87,36,106
282755901,447604337,2024-04-05,64,1,92,10.0,49,15,107
858068672,446467502,2024-04-05,35,88,87,4.7,39,62,108
657180492,914928216,2024-05-05,100,92,26,6.0,84,9,109
864826451,569650404,2024-05-05,91,78,61,25.0,63,15,110
482890604,942611193,2024-05-05,18,72,71,2.0,25,81,111
218097115,577744116,2024-05-05,80,86,50,1.8,46,69,112
842699130,886152915,2024-06-05,11,10,80,1.5,48,65,113
547584622,949032643,2024-06-05,99,3,79,5.0,65,16,114
658674029,705919841,2024-06-05,40,83,50,4.0,92,50,115
243109184,693782045,2024-07-05,69,65,91,3.0,98,50,116
539302215,422106541,2024-07-05,60,43,32,2.5,77,60,117
945983383,394880039,2024-07-05,79,38,67,2.5,43,93,118
836253618,645289996,2024-08-05,68,12,73,5.0,84,95,119
138442178,668321802,2024-09-05,44,67,48,6.0,90,11,120
51844175,316765646,2024-09-05,40,30,60,15.0,33,84,121
893350155,837804531,2024-09-05,46,81,47,2.5,48,48,122
384174656,572025756,2024-10-05,24,69,2,2.0,20,20,123
743051263,830765024,2024-10-05,29,91,48,12.0,28,40,124
25083777,699332582,2024-11-05,97,88,81,0.8,97,18,125
791369840,78090926,2024-11-05,77,45,75,30.0,25,37,126
352990889,167769987,2024-11-05,33,78,79,5.0,60,25,127
415945069,454715053,2024-11-05,77,1,41,1.0,58,55,128
835539523,899764338,2024-11-05,28,90,70,2.45,76,78,129
441123331,904534096,2024-11-05,85,17,96,18.0,92,34,130
931985984,864417850,2024-11-05,73,69,1,5.0,50,67,131
738747534,125662563,2024-11-05,88,24,44,6.0,72,88,132
181077886,114663182,2024-11-05,64,28,35,2.0,74,50,133
639560739,171231252,2024-12-05,68,12,42,10.0,39,6,134
261775690,67081412,2024-03-06,85,33,50,1.8,64,38,135
477493277,965513929,2024-03-06,46,20,30,2.5,54,24,136
577635501,257901641,2024-03-06,72,29,10,8.0,54,38,137
902309767,705159048,2024-04-06,67,88,32,1.5,66,42,138
192145762,881083774,2024-04-06,41,52,75,4.5,57,62,139
746422435,520123409,2024-04-06,66,31,18,2.5,85,39,140
472213391,214505520,2024-04-06,78,38,27,15.0,54,42,141
871040187,418811166,2024-04-06,86,100,78,2.75,52,91,142
872726544,936998001,2024-05-06,90,3,49,2.5,51,87,143
63406856,110057835,2024-05-06,41,56,12,9.75,93,88,144
800208041,666841941,2024-06-06,11,58,26,6.2,49,34,145
484613742,783815054,2024-07-06,37,8,50,6.0,47,62,146
783628578,576336273,2024-07-06,72,32,80,2.45,25,9,147
605504771,245689517,2024-07-06,75,80,87,9.0,49,40,148
111557826,917883177,2024-07-06,98,83,5,20.0,39,79,149
429076946,323869832,2024-07-06,90,75,6,5.0,55,64,150
990488310,704538646,2024-07-06,32,49,73,2.5,80,36,151
854403667,6805333,2024-08-06,68,29,31,7.0,53,20,152
935717294,778420920,2024-09-06,78,94,7,4.35,69,40,153
829777752,574738672,2024-09-06,88,78,17,2.5,58,21,154
764769996,884286227,2024-10-06,37,96,82,5.0,35,23,155
506792072,815885701,2024-10-06,97,32,43,2.3,82,98,156
503293145,884183855,2024-11-06,12,54,48,1.0,31,88,157
523925312,780924768,2024-11-06,50,42,20,1.75,87,59,158
476635703,520622916,2024-12-06,15,49,40,4.5,68,74,159
581222282,557739118,2024-12-06,59,20,17,5.0,45,15,160
841512114,797041471,2024-12-06,39,57,54,2.5,77,32,161
936822069,600387810,2024-12-06,76,39,15,2.0,77,70,162
487899187,959445323,2024-12-06,45,79,95,4.0,84,62,163
858060613,62862758,2024-03-07,41,21,47,5.0,50,99,164
192449890,981070604,2024-03-07,61,22,98,30.0,90,11,165
602853783,588279061,2024-04-07,51,62,95,6.0,52,21,166
345470827,308538580,2024-04-07,54,53,33,1.8,94,82,167
67312162,175468875,2024-04-07,87,1,98,2.5,61,84,168
481931199,639245144,2024-05-07,46,51,92,2.3,47,25,169
400037322,416443129,2024-05-07,13,32,79,2.0,38,61,170
914170366,284422578,2024-06-07,25,74,100,5.5,41,59,171
245711080,75201107,2024-06-07,60,15,89,4.0,21,29,172
220833347,14317544,2024-07-07,69,82,58,1.5,34,22,173
91011740,638361262,2024-07-07,36,81,54,4.75,73,60,174
172746898,347381209,2024-07-07,36,53,92,3.5,67,43,175
386552312,911277174,2024-08-07,79,74,87,4.0,80,26,176
603274114,599688346,2024-09-07,63,7,23,2.35,78,100,177
542813746,88244585,2024-09-07,26,70,52,2.0,36,10,178
253497974,827376019,2024-10-07,72,70,99,2.5,82,32,179
163800753,246035521,2024-10-07,38,22,71,5.0,33,62,180
380499319,904475123,2024-11-07,82,6,53,5.0,21,58,181
503293360,855942570,2024-11-07,19,77,66,10.0,62,100,182
196102236,537993174,2024-12-07,58,48,9,3.5,98,69,183
466328420,279968883,2024-03-08,98,24,4,4.1,89,80,184
148362894,821574299,2024-03-08,44,92,92,3.5,41,61,185
81962703,343151199,2024-03-08,100,52,2,3.0,86,70,186
870975691,262137885,2024-04-08,62,78,97,10.0,62,97,187
44535485,438802879,2024-04-08,84,20,58,2.5,86,64,188
826788097,654030311,2024-04-08,68,82,58,4.8,90,2,189
437039939,699284929,2024-05-08,55,91,35,3.5,81,19,190
284338533,816940300,2024-05-08,87,70,77,3.2,73,44,191
742340628,495597092,2024-05-08,12,56,92,9.5,56,6,192
28889412,223074653,2024-06-08,95,66,69,2.48,92,72,193
806586456,420806579,2024-06-08,84,9,46,5.0,30,68,194
705871204,413999203,2024-07-08,68,68,97,6.0,37,31,195
889519038,147135795,2024-07-08,11,72,5,15.0,89,4,196
453179731,57790378,2024-07-08,44,83,78,1.8,46,4,197
638749747,225064911,2024-07-08,36,59,90,3.0,25,60,198
445465713,613825182,2024-07-08,94,69,68,4.0,24,20,199
230702433,822359317,2024-08-08,68,7,37,2.5,69,1,200
912573672,304386295,2024-08-08,78,75,3,7.0,63,100,201
695612496,387907081,2024-08-08,82,29,62,15.31,77,27,202
870136488,774710792,2024-08-08,22,10,53,4.25,64,7,203
319694614,831048425,2024-09-08,62,89,6,20.0,23,11,204
962091739,829307733,2024-09-08,70,81,75,2.0,24,54,205
200223173,541881006,2024-10-08,21,63,65,1.5,38,73,206
445523909,808631186,2024-10-08,61,50,9,4.5,24,92,207
409021995,868797811,2024-10-08,46,88,20,4.8,59,79,208
78464804,306052164,2024-10-08,20,25,73,4.75,78,1,209
175043699,812768218,2024-10-08,80,60,71,2.0,98,13,210
555228242,488845431,2024-11-08,29,36,40,4.0,60,96,211
170229721,596290798,2024-11-08,43,63,99,3.5,39,77,212
39400630,497628263,2024-11-08,23,43,75,2.5,91,86,213
715946552,634927603,2024-12-08,12,59,62,1.5,95,99,214
202253930,730692753,2024-12-08,99,87,10,25.0,93,70,215
531515726,931804005,2024-12-08,37,45,62,5.5,34,23,216
777774536,643965538,2024-12-08,26,67,46,4.4,54,46,217
78343320,478319154,2024-12-08,94,60,78,0.8,100,42,218
517616320,284611136,2024-03-09,43,78,85,2.5,48,98,219
342914939,392841614,2024-03-09,34,49,27,4.0,78,20,220
670251245,285750716,2024-04-09,88,46,55,1.0,73,63,221
639360145,694153675,2024-04-09,22,56,72,4.0,70,39,222
274951912,346678907,2024-05-09,26,63,88,1.2,84,70,223
475545780,629795038,2024-06-09,93,62,65,9.0,78,87,224
210133508,644898494,2024-06-09,12,95,49,1.0,25,23,225
399132999,741198973,2024-06-09,23,99,97,2.0,68,76,226
823955070,18019502,2024-07-09,75,81,17,5.0,69,38,227
621002245,181108314,2024-07-09,22,60,73,4.2,62,3,228
97123630,178076972,2024-07-09,87,62,2,5.5,22,38,229
250109478,245763402,2024-08-09,74,30,24,3.0,82,12,230
39199890,692898783,2024-08-09,47,29,70,20.0,61,44,231
612936327,237719,2024-08-09,98,67,49,15.0,21,61,232
85195579,321782765,2024-08-09,35,4,76,4.0,90,30,233
3669496,405151141,2024-08-09,30,66,28,5.5,63,98,234
288406096,154448224,2024-09-09,19,65,48,6.0,59,53,235
45423863,559529832,2024-10-09,34,46,45,1.5,49,25,236
181995799,768702139,2024-10-09,40,81,40,9.0,40,48,237
568753717,392576162,2024-10-09,89,54,15,2.5,64,63,238
255226043,291227037,2024-10-09,71,93,75,7.0,77,58,239
274590724,453318563,2024-11-09,91,7,64,7.0,32,65,240
750804909,347265887,2024-12-09,20,55,15,2.5,86,61,241
79709352,147244622,2024-03-10,96,33,72,4.45,74,100,242
261349069,800680825,2024-03-10,14,87,8,4.0,90,14,243
83962704,941869620,2024-03-10,42,12,28,2.0,80,8,244
249754231,991454924,2024-03-10,31,61,28,2.1,55,70,245
281979246,312812352,2024-03-10,47,30,16,2.5,22,81,246
770131553,422525861,2024-04-10,79,31,66,2.3,92,13,247
837162177,795188344,2024-04-10,18,46,26,20.0,57,95,248
551647723,854549252,2024-04-10,82,31,86,20.0,66,74,249
227783553,495901752,2024-04-10,36,77,49,9.0,30,84,250
143313739,871596467,2024-04-10,24,89,27,10.0,99,1,251
475784161,960015429,2024-05-10,88,56,81,10.0,98,86,252
598576577,575697172,2024-05-10,23,100,77,2.0,63,26,253
25598196,444956660,2024-06-10,61,14,49,5.2,74,35,254
139009016,639699608,2024-06-10,89,96,94,4.5,38,96,255
151449413,89120895,2024-07-10,58,15,87,5.9,52,81,256
655279488,234820516,2024-07-10,38,72,39,5.5,59,8,257
748183306,755362986,2024-08-10,45,70,98,2.45,25,39,258
601987050,274936787,2024-08-10,26,59,54,8.0,92,49,259
820417211,36150558,2024-09-10,49,49,26,8.0,78,61,260
170024721,383104533,2024-09-10,31,55,5,2.0,71,46,261
744040582,316286696,2024-09-10,57,82,59,8.0,44,57,262
735612867,603865077,2024-10-10,12,86,98,4.0,75,86,263
451944094,656114749,2024-10-10,64,71,69,3.9,60,67,264
923623567,400567748,2024-10-10,11,10,60,2.5,93,53,265
969612193,714674910,2024-10-10,46,39,11,4.75,36,54,266
926523737,423616981,2024-11-10,89,56,74,2.5,27,51,267
896731543,436797350,2024-11-10,72,78,1,4.0,85,30,268
708154015,891349717,2024-12-10,38,93,61,6.0,67,100,269
907370044,393393869,2024-12-10,79,98,97,6.0,26,21,270
674737093,928306986,2024-12-10,56,12,85,5.0,52,46,271
226212774,709016191,2024-03-11,54,26,16,6.0,63,97,272
152406267,129833026,2024-03-11,91,55,94,3.0,42,93,273
751528731,55931927,2024-04-11,82,65,69,4.45,30,78,274
409139772,512152283,2024-04-11,36,30,44,0.2,68,88,275
293777040,599796740,2024-04-11,22,77,15,3.0,68,46,276
727806006,812924650,2024-05-11,87,24,19,2.5,83,3,277
911277489,860791525,2024-05-11,44,8,52,2.95,42,66,278
176470503,694169493,2024-05-11,96,12,8,8.0,97,92,279
918480606,688360350,2024-06-11,39,22,73,2.0,60,2,280
117453025,547111582,2024-06-11,15,27,21,4.0,37,67,281
298236004,102957996,2024-06-11,52,79,87,2.5,36,100,282
217186746,960123393,2024-06-11,16,53,12,5.0,21,29,283
866922312,777834107,2024-06-11,30,48,52,10.0,22,78,284
541098062,47263363,2024-07-11,75,69,100,4.5,43,18,285
749439034,157395480,2024-07-11,30,91,34,2.5,97,88,286
713002191,986774279,2024-07-11,79,72,6,4.0,67,63,287
651459672,650681200,2024-08-11,71,10,49,1.5,66,43,288
939667754,787877171,2024-08-11,65,35,3,3.5,25,13,289
272169671,407737065,2024-08-11,100,86,94,6.5,77,57,290
445383366,338986242,2024-09-11,58,77,96,18.0,25,17,291
340750371,327712617,2024-09-11,75,10,68,3.0,90,42,292
249726969,275327847,2024-09-11,69,53,32,9.2,28,56,293
924552959,131098639,2024-09-11,59,62,57,10.3,90,94,294
581826781,753281709,2024-10-11,34,55,22,5.0,77,85,295
421349798,168697328,2024-10-11,19,80,87,2.3,33,38,296
182782383,732104267,2024-11-11,97,77,13,7.0,43,40,297
35979488,39830515,2024-11-11,70,66,74,2.5,47,77,298
146817035,13080960,2024-12-11,36,90,57,25.0,35,68,299
14396231,84901714,2024-12-11,88,100,17,2.5,25,28,300
259117736,401800752,2024-12-11,75,48,25,3.0,96,65,301
369182937,538440478,2024-03-12,62,89,18,12.0,35,36,302
376663902,585366583,2024-03-12,19,73,60,2.45,70,48,303
277574489,44560715,2024-04-12,35,78,68,2.5,95,91,304
970403822,784591417,2024-05-12,50,99,73,8.0,42,1,305
984457372,716766562,2024-05-12,65,79,52,8.0,56,94,306
921525820,507472259,2024-05-12,18,36,53,5.3,65,100,307
249865091,510761164,2024-05-12,89,22,23,5.5,83,25,308
228492551,142319135,2024-06-12,34,1,79,6.2,58,36,309
151698058,140098505,2024-06-12,87,97,28,1.5,58,21,310
789532073,284659141,2024-06-12,53,20,75,2.3,83,77,311
102558579,291121577,2024-07-12,56,53,77,4.5,69,69,312
829482298,537496148,2024-07-12,38,91,94,5.7,53,87,313
607478704,937934398,2024-07-12,97,97,71,4.5,53,31,314
404622952,573238059,2024-08-12,91,68,80,11.5,81,85,315
982352711,230524744,2024-09-12,22,40,7,5.0,98,60,316
831081174,564393559,2024-09-12,78,68,68,2.5,89,24,317
285058317,617554469,2024-10-12,23,85,94,3.0,92,72,318
318035001,144141945,2024-10-12,78,16,37,4.7,25,96,319
172360566,324029679,2024-10-12,95,87,13,2.0,61,4,320
760904411,825526786,2024-12-12,49,94,18,6.0,38,11,321
439102342,65694690,2024-12-12,26,69,90,4.0,47,35,322
54250746,234500301,2024-12-12,50,68,90,2.0,40,13,323
938150565,564221480,2024-12-12,50,36,96,6.5,53,73,324
672707464,839605274,2025-02-01,91,73,77,4.75,51,49,325
618274098,348500377,2025-02-01,23,42,87,8.0,63,5,326
922917089,85235066,2025-02-01,76,15,99,9.5,60,49,327
760701411,635280643,2025-02-01,15,75,78,1.9,71,21,328
363305036,523591255,2025-02-01,79,28,4,15.0,42,46,329
20346209,347241913,2025-02-01,22,43,3,4.1,45,87,330
498914927,891553471,2025-01-02,37,5,1,5.0,68,99,331
940206982,726493163,2025-01-02,25,75,27,18.0,31,36,332
888078431,665639462,2025-01-02,11,87,43,9.0,86,91,333
196728982,502143802,2025-01-03,21,87,67,3.1,64,69,334
73895740,727843292,2025-01-03,34,94,69,0.8,96,30,335
396295554,676794930,2025-02-03,44,90,17,2.5,21,91,336
276358394,878936089,2025-02-03,88,37,61,2.9,63,35,337
148444138,905342165,2025-02-03,61,43,29,15.0,67,6,338
654645070,15177793,2025-02-03,12,60,73,4.0,20,35,339
469111159,308202883,2025-02-03,98,40,100,2.0,46,9,340
356173857,907182724,2025-01-04,46,31,89,20.0,59,65,341
412375498,386431626,2025-01-04,88,53,44,9.0,56,14,342
866724191,792198469,2025-01-04,88,22,61,2.5,54,100,343
105555971,304103509,2025-01-04,94,56,80,4.0,47,96,344
450504720,987915014,2025-01-04,18,78,43,6.0,85,97,345
739976251,171674304,2025-01-04,94,18,84,4.5,44,49,346
534468243,516667174,2025-02-04,41,94,4,3.0,88,92,347
127989401,966096152,2025-01-05,18,14,77,2.5,78,4,348
930144256,375998579,2025-01-05,19,92,41,2.0,51,79,349
609113745,875700273,2025-01-05,98,41,98,6.35,70,75,350
531469979,443882451,2025-02-05,21,15,27,2.5,37,41,351
657805622,694609770,2025-02-05,74,81,41,6.0,51,67,352
298967926,864004155,2025-01-06,20,20,56,1.8,62,69,353
670277269,500505707,2025-01-06,35,19,30,6.5,88,6,354
253532067,12103485,2025-01-06,81,16,69,4.3,23,96,355
723411154,840906472,2025-01-06,85,66,85,4.2,65,58,356
161875729,793667207,2025-01-06,45,58,84,5.0,90,67,357
493113063,159479718,2025-02-06,47,75,53,6.0,70,20,358
986529569,651601426,2025-02-06,12,7,23,6.0,72,16,359
786898958,527446162,2025-01-07,20,43,43,25.0,73,6,360
663787532,153655585,2025-01-07,87,51,67,10.0,55,100,361
141158371,808333051,2025-01-07,23,76,70,5.0,97,38,362
765406407,786445877,2025-02-07,92,54,73,3.1,79,1,363
815730943,77542313,2025-02-07,22,58,2,0.2,33,68,364
687325919,75002023,2025-02-07,26,83,24,4.75,75,12,365
687341585,545375633,2025-01-08,62,44,11,51.17,92,37,366
933428794,936881260,2025-01-08,84,91,86,1.5,83,95,367
421751648,672728844,2025-01-08,81,87,15,6.0,94,10,368
460837058,267300925,2025-01-08,61,91,40,9.0,34,76,369
667168221,670249832,2025-02-08,70,96,35,9.0,63,84,370
127145135,970552756,2025-01-09,49,28,74,6.0,70,38,371
350311497,848351656,2025-01-09,20,68,20,12.0,38,51,372
547087327,463166919,2025-01-09,50,14,99,4.75,52,75,373
638978088,823134469,2025-01-09,63,56,33,2.5,35,16,374
794942472,43918892,2025-01-09,42,48,18,2.0,39,57,375
156793935,359061010,2025-02-09,22,69,87,5.5,34,26,376
316081445,752864153,2025-02-09,84,28,29,4.4,54,32,377
702064860,825279395,2025-02-09,93,68,71,0.8,30,37,378
308325429,418002842,2025-01-10,46,43,46,3.5,68,59,379
11730029,188807910,2025-01-10,42,4,53,10.0,37,53,380
652357676,220833504,2025-01-10,91,71,17,3.5,74,57,381
794006216,833617509,2025-02-10,16,56,13,7.2,56,28,382
358366718,278384345,2025-02-10,91,14,99,6.0,50,5,383
85739997,957344024,2025-02-10,26,1,9,6.0,82,8,384
668545736,985911051,2025-01-11,63,57,11,5.8,20,100,385
858353445,134334930,2025-01-11,50,93,37,2.45,78,79,386
107682443,444512764,2025-02-11,93,55,95,3.25,56,72,387
191121616,552513001,2025-01-12,88,56,72,2.0,25,36,388
893883239,285217083,2025-02-12,54,88,43,5.5,81,77,389
227604605,14959336,2025-02-12,86,20,67,1.75,83,82,390
386642155,105405841,2025-01-13,48,27,73,2.55,52,97,391
897136071,841237159,2025-01-13,89,66,28,6.5,39,25,392
561916497,653955947,2025-01-14,97,41,68,1.5,35,16,393
273893529,732012803,2025-01-14,84,8,54,9.0,60,38,394
116046002,508624552,2025-01-14,69,17,27,2.3,79,75,395
204482972,269206626,2025-01-14,80,6,92,5.0,26,71,396
779591018,9123545,2025-01-15,22,22,65,2.0,62,78,397
698953397,25752074,2025-01-16,28,5,9,1.8,33,9,398
329330329,867605412,2025-01-17,23,38,54,10.0,40,15,399
334402588,685965506,2025-01-17,26,12,43,4.4,73,20,400
20857218,419783326,2025-01-17,85,28,32,8.9,57,41,401
431939915,239312988,2025-01-17,55,58,6,7.2,48,17,402
629987250,720023904,2025-01-18,72,3,10,2.0,52,14,403
708714536,725147323,2025-01-19,29,4,17,8.0,59,52,404
388228005,458861540,2025-01-19,47,20,65,1.75,49,19,405
383902115,124336490,2025-01-19,42,69,54,1.2,43,96,406
289684195,175621176,2025-01-19,97,52,80,3.0,22,90,407
92868107,907274816,2025-01-20,90,62,54,3.0,70,83,408
4057428,427462717,2025-01-20,81,74,45,3.5,42,23,409
438935408,254142945,2025-01-21,60,90,85,3.0,47,9,410
524815224,463822024,2025-01-21,45,24,61,6.0,44,34,411
341318805,844728001,2025-01-21,92,92,28,1.75,50,67,412
368402728,264547297,2025-01-21,76,21,3,7.5,31,47,413
644188356,914512016,2025-01-21,80,24,60,2.5,98,38,414
514620747,404179838,2025-01-22,21,30,32,2.0,43,54,415
747117160,406628853,2025-01-22,84,69,77,4.5,39,69,416
446375512,275412645,2025-01-22,58,12,99,3.0,71,30,417
278811177,648075250,2025-01-23,34,47,99,8.0,97,47,418
724045581,180658014,2025-01-23,54,17,90,9.5,60,20,419
120462988,376302250,2025-01-25,17,63,66,2.5,23,46,420
218161004,684824786,2025-01-26,84,13,88,15.0,25,34,421
816056246,620860407,2025-01-26,73,31,49,6.0,22,47,422
118157923,983048407,2025-01-26,96,9,57,11.8,78,67,423
264561992,601593514,2025-01-26,56,59,87,7.0,65,45,424
631686018,18532191,2025-01-26,60,63,81,1.8,74,31,425
708546891,795759351,2025-01-28,41,84,90,4.0,42,65,426
877621317,584743510,2025-01-28,45,63,75,7.0,83,5,427
803745711,775669826,2025-01-28,48,77,81,31.0,70,74,428
604568169,545294459,2025-01-28,21,28,72,9.0,69,51,429
995435039,636837396,2025-01-28,65,88,20,2.5,89,37,430
728109753,173592527,2025-01-28,14,84,15,6.5,51,73,431
789564737,767120418,2025-01-29,47,1,60,4.2,32,87,432
464158633,324970478,2025-01-29,71,36,45,3.5,87,2,433
66115454,437869229,2025-01-30,64,21,13,4.0,51,26,434
277835470,459976429,2025-01-30,74,65,5,7.0,21,42,435
556975242,747260855,2025-01-31,51,53,88,6.0,54,59,436
150829124,29971489,2025-01-31,89,35,19,5.0,49,55,437
69963221,978217402,2024-10-13,11,9,65,2.0,48,96,438
456340679,295429338,2024-10-13,98,100,34,9.0,53,20,439
157963130,459122948,2024-10-14,50,58,78,3.0,83,49,440
510008113,568250880,2024-10-14,24,27,35,8.0,49,58,441
203877746,82189429,2024-10-14,64,10,100,2.5,97,52,442
829317126,675961997,2024-10-14,34,95,18,5.0,41,26,443
556317937,795085241,2024-10-15,26,54,90,3.0,25,81,444
113384598,723606358,2024-10-16,72,58,69,1.2,96,23,445
524029245,375197762,2024-10-16,89,40,64,4.0,93,48,446
95362626,144835712,2024-10-17,83,52,32,6.0,47,7,447
484270551,19004509,2024-10-17,13,55,77,20.0,67,68,448
67066490,856706379,2024-10-18,15,66,85,8.0,60,40,449
291350791,50504384,2024-10-18,56,48,82,4.75,71,65,450
896247462,395062186,2024-10-18,18,3,39,5.0,58,61,451
822314245,961774040,2024-10-18,32,91,80,10.0,69,80,452
422209305,560927992,2024-10-19,91,98,6,2.0,100,20,453
29204829,415874864,2024-10-19,92,87,84,2.5,61,31,454
618018665,782839751,2024-10-19,42,88,17,10.5,34,51,455
11445960,808487493,2024-10-20,75,25,99,12.0,89,42,456
985754736,444296199,2024-10-20,76,11,15,1.8,22,91,457
309962526,309420054,2024-10-20,86,90,39,2.1,98,85,458
453804627,202015639,2024-10-20,90,1,40,0.9,52,19,459
475486500,270614764,2024-10-20,20,93,37,2.0,23,2,460
305917275,124319207,2024-10-21,17,88,41,2.5,45,29,461
382966634,410833955,2024-10-22,49,46,8,3.0,82,21,462
988586323,790861717,2024-10-22,20,17,71,8.0,50,65,463
697430161,297746779,2024-10-22,99,54,71,1.5,80,10,464
710673278,767979430,2024-10-22,51,35,95,10.0,80,89,465
241434957,299684976,2024-10-22,25,97,63,2.3,72,23,466
313875020,28117933,2024-10-22,63,41,98,11.9,37,7,467
333781365,314839201,2024-10-22,50,66,1,2.5,76,73,468
417295410,717278611,2024-10-23,91,59,49,6.0,30,63,469
333359140,82091598,2024-10-24,28,17,28,6.0,38,25,470
400212400,626482577,2024-10-24,29,18,86,2.5,53,69,471
812685905,361389045,2024-10-24,89,26,36,7.5,48,94,472
386177226,912159838,2024-10-24,65,42,62,6.3,54,2,473
548229009,231979965,2024-10-25,40,38,32,3.2,21,45,474
26553240,952001972,2024-10-25,99,44,52,2.0,36,2,475
18396534,515194588,2024-10-25,56,28,76,3.0,93,69,476
984992220,696662257,2024-10-25,37,3,45,12.0,39,28,477
691711305,337337313,2024-10-26,31,29,57,2.5,25,22,478
573944703,521303457,2024-10-26,81,83,36,25.0,74,86,479
589465152,422014328,2024-10-26,11,77,7,1.5,77,46,480
745872065,331411402,2024-10-27,29,20,85,4.5,31,31,481
692879113,209520731,2024-10-27,59,91,24,2.5,54,87,482
34414252,114306041,2024-10-27,12,83,93,1.75,22,9,483
293443658,335465056,2024-10-27,75,56,57,1.9,63,64,484
123424482,713008176,2024-10-27,67,83,90,11.6,66,77,485
998944351,456026533,2024-10-27,29,54,54,2.0,58,63,486
347099237,666808738,2024-10-27,61,81,99,1.5,26,76,487
54987751,179636051,2024-10-28,52,22,37,2.5,56,44,488
322701385,810728266,2024-10-28,28,38,23,42.58,48,56,489
677105120,1319278,2024-10-29,84,92,18,1.5,92,69,490
377093532,84393820,2024-10-29,79,45,39,6.0,55,20,491
603115701,75787055,2024-10-29,39,78,97,6.5,54,89,492
970934278,382004863,2024-10-29,69,98,89,2.55,29,34,493
411313841,552691746,2024-10-29,77,19,31,9.5,27,25,494
406301431,610409004,2024-10-29,29,66,21,8.0,74,93,495
644935270,369649838,2024-10-30,69,59,29,1.8,63,91,496
72198017,951489287,2024-10-31,40,2,58,1.8,71,10,497
737514393,144865626,2024-10-31,68,10,29,2.0,37,11,498
509422409,694724067,2024-10-31,75,91,68,3.0,96,73,499
10186418,788886073,2024-11-13,68,29,100,5.0,70,26,500
597254038,390551703,2024-11-13,78,34,39,20.5,62,2,501
409972786,187434684,2024-11-14,76,98,41,1.75,62,48,502
117668738,963931428,2024-11-14,27,64,43,3.0,70,58,503
408604532,736255112,2024-11-15,74,72,18,21.0,83,54,504
559362406,296895014,2024-11-16,27,93,88,1.5,66,13,505
628168794,561105754,2024-11-16,15,76,81,2.0,90,26,506
41046993,67761072,2024-11-16,60,1,42,2.45,42,91,507
358355591,548764296,2024-11-17,95,63,73,7.0,61,38,508
837046367,416288713,2024-11-17,21,87,12,21.0,20,38,509
607710879,905540576,2024-11-17,89,15,22,10.0,79,42,510
272695260,547248610,2024-11-17,14,81,65,3.5,74,84,511
200310532,358358848,2024-11-17,32,63,92,4.9,84,34,512
193230506,289773789,2024-11-17,68,43,96,20.0,75,35,513
464529419,671374215,2024-11-18,43,10,15,1.0,27,69,514
904920564,180851667,2024-11-18,92,96,56,6.0,32,22,515
173951121,672523923,2024-11-18,85,16,74,3.85,58,36,516
834009746,25100629,2024-11-18,24,1,65,7.0,58,61,517
198543663,725097548,2024-11-19,13,88,11,3.0,100,52,518
571670669,309343251,2024-11-21,19,99,78,9.0,29,54,519
769541442,682008955,2024-11-22,97,77,99,20.0,74,98,520
837635038,264388349,2024-11-22,52,64,54,2.4,21,55,521
803759075,864873354,2024-11-23,96,34,57,8.0,71,17,522
873919658,510541226,2024-11-23,26,100,13,2.5,45,45,523
677256830,57270033,2024-11-23,51,47,6,2.5,53,4,524
120939863,214163796,2024-11-23,51,19,96,4.5,73,42,525
444087594,88283804,2024-11-24,39,21,5,3.0,51,98,526
46378815,609596355,2024-11-24,90,91,62,5.0,34,72,527
887469468,61591957,2024-11-25,35,92,74,2.0,76,32,528
329875559,16650053,2024-11-25,39,88,100,8.0,28,18,529
24840206,620119357,2024-11-25,64,97,91,3.0,48,100,530
804417249,359796839,2024-11-25,98,30,39,10.0,31,26,531
413168427,758673635,2024-11-26,95,93,16,4.5,60,19,532
566685370,135261392,2024-11-26,70,96,21,2.0,100,15,533
451727012,957219228,2024-11-26,20,91,12,4.5,35,50,534
930150811,70555188,2024-11-26,18,7,58,3.5,88,96,535
520292382,164744516,2024-11-26,54,86,69,5.0,29,8,536
280444102,933581118,2024-11-26,19,28,83,4.5,91,73,537
348614446,406964237,2024-11-27,66,40,8,6.0,43,49,538
803340215,191563869,2024-11-27,88,27,92,5.5,57,37,539
946972396,341617429,2024-11-27,71,97,44,4.0,58,14,540
760274850,752565638,2024-11-27,39,37,48,2.0,25,19,541
159073681,729319828,2024-11-28,20,42,21,3.85,61,25,542
6418691,348240575,2024-11-28,33,22,94,15.0,96,56,543
157621058,329141424,2024-11-29,29,83,91,2.0,81,53,544
577794955,848699980,2024-11-29,92,48,22,6.25,38,61,545
684361268,106946636,2024-11-30,70,92,74,1.0,95,26,546
260001012,602841974,2024-11-30,65,54,29,12.0,69,79,547
750941179,576150729,2024-12-13,26,79,31,3.0,47,41,548
110329778,423808881,2024-12-13,99,1,4,3.0,50,53,549
244788277,640707611,2024-12-13,47,26,40,3.25,30,72,550
122399399,535841853,2024-12-14,28,40,27,1.2,30,56,551
833217887,704449176,2024-12-14,44,75,72,1.0,96,38,552
803713695,422547371,2024-12-15,89,42,76,5.0,94,81,553
491996836,819997392,2024-12-15,100,64,62,2.5,84,44,554
855102915,551342668,2024-12-16,62,49,38,2.5,42,44,555
86379335,991780951,2024-12-16,100,7,14,2.0,26,33,556
852122729,582266435,2024-12-17,42,94,79,2.5,61,92,557
514694611,620290827,2024-12-18,62,81,91,1.6,100,42,558
349282775,79593210,2024-12-18,19,47,25,5.0,96,37,559
326761026,981559583,2024-12-18,52,46,12,15.0,43,34,560
530808252,737447022,2024-12-19,30,85,21,4.5,32,83,561
495267806,669734855,2024-12-19,77,52,28,4.0,48,43,562
311571822,539981422,2024-12-19,96,80,20,6.1,94,49,563
914263204,861844829,2024-12-19,67,71,4,9.0,76,34,564
641097362,386036412,2024-12-19,86,55,96,10.0,37,53,565
684186724,754656257,2024-12-21,63,4,85,12.0,59,71,566
938132419,122644503,2024-12-21,39,16,57,4.0,98,12,567
521238039,240875935,2024-12-21,43,65,66,6.0,78,73,568
746665671,586577257,2024-12-21,37,33,80,18.0,27,73,569
261616692,617967912,2024-12-22,61,90,26,2.5,79,84,570
443687112,859787855,2024-12-22,28,32,71,2.5,32,49,571
18205784,805675598,2024-12-23,63,38,77,1.0,23,18,572
103789729,839419620,2024-12-23,69,21,68,66.55,36,35,573
394795147,21567270,2024-12-24,92,68,79,18.0,40,57,574
952626208,662271125,2024-12-24,19,78,90,5.0,72,84,575
372486266,755537424,2024-12-24,84,74,48,4.5,64,32,576
438519440,676740287,2024-12-24,14,75,19,1.9,100,84,577
110530107,74102867,2024-12-25,30,25,11,8.0,42,76,578
286080039,267960872,2024-12-26,63,60,54,2.5,33,31,579
963342593,648313071,2024-12-26,60,27,58,25.3,43,91,580
730108323,806226587,2024-12-26,16,34,89,18.0,35,52,581
862739377,383305543,2024-12-26,18,86,20,1.8,64,34,582
353534068,441996832,2024-12-26,64,11,97,1.5,33,83,583
29748526,93871119,2024-12-26,74,4,39,2.0,97,24,584
952529619,388192922,2024-12-27,92,39,50,1.6,30,41,585
434697551,643614238,2024-12-27,45,36,97,20.0,36,6,586
84956853,74320137,2024-12-27,74,62,6,4.0,65,96,587
835560996,812340741,2024-12-27,88,34,94,2.4,95,63,588
652820419,859321011,2024-12-28,50,100,91,25.5,29,31,589
954491286,182607354,2024-12-29,10,17,70,0.2,100,63,590
5349775,799556260,2024-12-29,87,91,23,14.9,90,75,591
96182842,684151025,2024-12-29,38,82,17,2.0,52,47,592
746102295,229596357,2024-12-30,61,31,100,12.5,95,61,593
172651899,617930279,2024-12-30,81,35,82,3.0,86,71,594
63365482,997844391,2024-12-31,89,34,15,6.0,60,2,595
202830111,603948955,2024-12-31,58,55,5,4.45,62,89,596
779371108,410070132,2024-12-31,39,83,21,2.0,73,88,597
73379889,849498378,2024-12-31,95,6,59,2.5,49,77,598
815787404,901776733,2025-02-13,67,79,98,7.0,73,36,599
903031821,967860667,2025-02-13,50,20,74,2.0,30,57,600
424957698,936254768,2025-02-13,10,11,29,4.3,29,72,601
571010060,400705881,2025-02-13,59,73,86,2.75,32,56,602
995614871,47865408,2025-02-14,17,38,93,9.0,100,63,603
401260515,783790369,2025-02-14,74,37,57,1.5,91,18,604
193775021,340145873,2025-02-14,91,96,90,7.5,90,75,605
606446596,327458366,2025-02-14,89,67,89,12.0,96,42,606
827110772,788771866,2025-02-15,72,58,52,2.4,36,14,607
558033964,759061086,2025-02-16,25,60,36,1.5,31,41,608
1198780,147032550,2025-02-17,40,81,78,20.0,39,65,609
138880149,99026272,2025-02-17,75,18,65,2.0,32,92,610
512734240,325060556,2025-02-18,85,57,25,3.5,30,42,611
233953157,485388538,2025-02-18,41,66,50,2.0,55,74,612
31499760,81412402,2025-02-19,92,99,93,4.0,43,90,613
28957781,231092205,2025-02-19,51,55,76,5.0,21,13,614
953548583,20579401,2025-02-19,98,40,93,1.5,30,53,615
276815588,899592254,2025-02-19,100,99,8,10.0,54,92,616
705347796,620448874,2025-02-19,43,21,31,2.5,22,25,617
720664597,979940773,2025-02-20,31,54,52,4.0,69,77,618
798848810,141080409,2025-02-20,12,93,29,1.75,45,12,619
87031382,299753449,2025-02-21,40,53,7,4.0,70,20,620
393153936,990347010,2025-02-21,57,62,72,4.0,23,4,621
66902335,663174895,2025-02-22,24,15,6,4.75,35,4,622
431538268,198095654,2025-02-23,75,61,19,2.0,79,69,623
446348292,485575036,2025-02-23,60,69,64,2.75,51,6,624
967740457,719915737,2025-02-24,56,50,80,8.0,99,5,625
509304751,402608547,2025-02-24,88,40,29,15.0,96,87,626
639188253,941571762,2025-02-24,53,98,23,5.0,41,84,627
846291532,503784320,2024-02-25,22,89,25,21.0,30,62,628
773126317,129504397,2024-02-26,41,29,76,2.4,59,4,629
216938216,625998388,2024-02-26,70,96,85,2.5,34,3,630
744308245,512135660,2024-02-26,73,90,77,4.0,75,19,631
394490772,845047617,2024-02-27,94,13,15,7.0,20,24,632
513128608,63150552,2024-02-27,68,60,21,8.9,79,46,633
895433456,231788962,2024-02-28,66,40,96,10.0,24,61,634
578614379,733834390,2024-02-28,93,8,51,8.0,93,85,635
397688205,79874536,2024-02-28,56,97,29,2.5,82,100,636
951309020,759856744,2024-02-28,82,12,94,4.1,69,93,637
25751980,611008296,2024-02-28,11,58,32,4.0,99,94,638
228956595,184455057,2024-02-29,31,32,69,2.0,38,23,639
852074164,70673439,2024-02-29,97,20,72,3.0,29,59,640
267993714,508770990,2024-02-29,74,2,45,10.0,37,99,641
579036434,304603122,2024-03-13,44,67,15,2.5,82,51,642
802276886,916327343,2024-03-13,33,4,31,7.0,46,92,643
312559616,110319939,2024-03-14,88,71,9,18.0,28,14,644
376101999,199859694,2024-03-14,14,67,65,20.0,71,94,645
863300214,878407803,2024-03-15,36,64,63,20.0,91,35,646
295927315,618673019,2024-03-15,56,4,74,4.5,61,73,647
862574613,704024816,2024-03-15,44,26,60,4.75,63,59,648
793505841,816763345,2024-03-15,33,44,89,4.75,93,19,649
223297791,720132438,2024-03-16,53,41,30,3.0,24,77,650
108545467,404433362,2024-03-16,96,51,40,2.3,61,4,651
706122531,942174781,2024-03-17,48,48,39,3.45,51,50,652
715161996,43917610,2024-03-18,96,52,16,2.5,67,13,653
719992404,12850018,2024-03-18,58,58,28,4.7,85,63,654
298756900,780984468,2024-03-18,45,28,6,4.5,35,16,655
119223342,335239077,2024-03-18,24,77,32,15.5,80,42,656
745627431,661749633,2024-03-18,94,34,21,5.5,74,70,657
953572870,753657696,2024-03-18,86,80,80,4.5,22,67,658
42775245,901757764,2024-03-19,20,51,21,5.0,71,26,659
911057317,840470017,2024-03-20,85,45,71,3.0,95,72,660
372460018,619070994,2024-03-20,30,59,76,4.0,61,3,661
274740056,569693705,2024-03-20,23,6,40,2.5,95,24,662
124398428,435426868,2024-03-21,17,3,33,3.0,49,17,663
566574387,786297560,2024-03-21,61,77,45,2.5,51,48,664
912909062,956091485,2024-03-21,29,2,84,4.0,80,85,665
65035891,190982529,2024-03-22,40,22,74,2.45,76,70,666
370647275,635222633,2024-03-22,20,42,45,10.0,72,28,667
219935632,268604618,2024-03-23,51,72,85,3.0,23,17,668
57208792,332654588,2024-03-24,80,91,36,1.5,81,74,669
365314087,831725527,2024-03-24,85,12,94,9.5,26,32,670
616809496,754481356,2024-03-24,17,14,17,3.5,36,64,671
366364873,110983982,2024-03-25,86,100,74,6.1,80,94,672
459925653,220505775,2024-03-25,82,67,67,2.75,26,1,673
857815386,894396947,2024-03-25,78,68,86,15.0,47,95,674
764592392,910306609,2024-03-26,74,4,67,1.8,31,34,675
927910606,560501773,2024-03-26,18,62,2,3.0,61,78,676
871992743,549076531,2024-03-26,59,74,100,4.5,63,69,677
40381547,619129541,2024-03-26,48,2,16,2.8,27,1,678
839177384,849235086,2024-03-27,76,97,20,7.0,52,82,679
945256925,318926816,2024-03-27,50,56,63,3.0,70,100,680
166321308,459030036,2024-03-27,23,13,15,20.0,31,28,681
137983397,899926472,2024-03-27,86,16,37,2.5,34,66,682
698342874,516006076,2024-03-27,28,62,81,5.0,28,30,683
603433288,229406543,2024-03-28,85,92,66,6.7,54,85,684
216509319,734453017,2024-03-28,42,88,95,2.5,67,94,685
145502152,600032919,2024-03-29,51,1,61,7.6,96,26,686
615827399,150626342,2024-03-29,73,83,74,5.0,87,10,687
281074953,11658830,2024-03-29,53,19,94,5.0,82,56,688
530508242,311635871,2024-03-30,82,25,94,7.5,66,14,689
885868797,25305932,2024-03-30,98,62,97,5.5,59,19,690
937723085,618070746,2024-03-30,39,19,18,13.99,58,90,691
40011793,293590109,2024-03-31,43,38,63,12.0,88,65,692
101379759,236886256,2024-03-31,90,17,17,3.0,82,84,693
966828546,38823517,2024-03-31,70,29,24,0.2,62,55,694
76176934,487008059,2024-03-31,91,39,48,5.0,48,18,695
431645984,100086747,2024-04-13,36,75,35,2.9,26,41,696
70741196,691126969,2024-04-14,11,56,62,3.9,40,5,697
51938096,867095618,2024-04-14,82,21,85,5.5,39,18,698
928378839,954843134,2024-04-14,23,71,32,2.0,63,23,699
603437973,63034127,2024-04-15,56,86,23,3.2,67,56,700
762640748,275572375,2024-04-15,47,41,63,3.0,39,54,701
671304114,537181768,2024-04-15,84,26,37,4.5,46,67,702
999610767,789545649,2024-04-16,85,15,30,4.0,95,63,703
242286840,262805472,2024-04-16,27,1,3,30.0,34,63,704
835734586,911912324,2024-04-17,77,95,82,6.5,29,46,705
806980324,985877923,2024-04-17,84,58,28,6.0,51,12,706
835683475,109500546,2024-04-17,35,72,70,20.0,74,15,707
158467959,470260505,2024-04-17,98,14,11,2.5,48,38,708
981480940,61759657,2024-04-17,63,62,18,0.2,67,17,709
763259093,679223399,2024-04-18,27,92,56,6.5,29,32,710
100347654,272924656,2024-04-18,70,96,92,1.5,27,58,711
216338696,894682696,2024-04-18,49,59,73,5.0,93,45,712
741814135,4872428,2024-04-18,22,19,4,0.2,88,24,713
980644465,937199817,2024-04-19,96,38,17,7.0,72,84,714
414755305,939001170,2024-04-19,61,20,29,3.0,71,97,715
809884653,22720535,2024-04-20,43,66,85,2.5,66,65,716
515836029,780243286,2024-04-20,38,43,91,4.0,72,64,717
632707076,855320172,2024-04-21,65,36,37,3.5,32,70,718
701496756,971509199,2024-04-21,14,99,97,4.2,28,45,719
989099395,741195491,2024-04-22,67,98,92,5.0,35,98,720
356212546,141902260,2024-04-22,85,89,41,8.0,68,93,721
245796500,603095783,2024-04-22,93,51,70,10.0,81,18,722
17038441,912167668,2024-04-23,100,10,89,1.5,76,38,723
617966540,400028400,2024-04-24,88,4,79,6.0,23,39,724
163548122,616048116,2024-04-25,97,99,96,4.0,57,42,725
675129754,359412585,2024-04-25,19,100,83,2.5,66,28,726
113168405,509181373,2024-04-26,24,55,51,5.0,39,15,727
363722295,858237428,2024-04-26,55,13,71,4.45,37,4,728
840757647,958898592,2024-04-27,91,82,58,2.3,43,45,729
82265155,645847898,2024-04-27,49,93,15,4.5,52,31,730
464962930,292959755,2024-04-27,66,28,7,6.0,85,6,731
2157434,852723969,2024-04-28,14,63,74,2.5,59,63,732
128281063,487075857,2024-04-28,36,82,85,7.1,27,67,733
487706319,644522395,2024-04-28,52,31,18,1.0,77,16,734
443051866,251903172,2024-04-29,48,71,86,3.0,95,3,735
972834840,646041679,2024-04-29,58,23,66,1.8,82,61,736
353288392,523404509,2024-04-29,39,2,71,1.45,20,70,737
436932092,194699841,2024-04-30,51,100,70,3.0,40,21,738
478025023,510108144,2024-04-30,16,20,45,8.0,81,62,739
240091208,964054286,2024-04-30,62,31,24,25.0,89,100,740
985565323,214908051,2024-05-13,60,61,2,6.0,96,50,741
145214167,686091972,2024-05-13,47,2,76,2.5,48,36,742
616077622,771752969,2024-05-13,23,38,25,1.0,84,78,743
68494869,394647300,2024-05-13,85,15,16,6.5,46,24,744
415264036,459237206,2024-05-13,55,25,87,4.0,69,48,745
495708214,173455800,2024-05-13,81,76,10,4.0,68,100,746
855614694,574868971,2024-05-15,28,27,22,6.0,70,30,747
266295920,192647608,2024-05-15,99,6,88,3.0,49,9,748
750299003,619174271,2024-05-16,34,42,86,4.0,28,23,749
794288753,295217910,2024-05-16,62,79,95,1.0,34,12,750
343697712,952419348,2024-05-16,55,96,40,5.0,23,47,751
221419798,598499942,2024-05-18,47,7,63,2.0,29,20,752
389243007,839365065,2024-05-18,12,28,11,3.0,46,88,753
700055970,184904140,2024-05-18,84,46,80,3.5,66,84,754
190215024,753695047,2024-05-19,47,63,86,4.0,76,29,755
314036234,2582525,2024-05-20,87,24,66,18.0,22,34,756
190474239,111469880,2024-05-21,47,72,73,4.0,93,27,757
290923453,418679911,2024-05-22,61,17,69,2.52,31,29,758
289561320,14458931,2024-05-23,62,2,98,3.0,50,11,759
880695486,958781614,2024-05-23,31,87,19,8.0,41,10,760
977102449,396769308,2024-05-23,28,94,80,2.8,31,1,761
842720790,6354638,2024-05-23,28,86,44,10.0,48,12,762
896026755,510543811,2024-05-23,74,90,26,1.0,24,11,763
631629244,589452944,2024-05-24,49,89,65,3.0,37,48,764
495794325,985585813,2024-05-24,64,95,62,6.0,55,1,765
965037712,973255889,2024-05-25,93,76,82,2.5,76,51,766
562130577,723068602,2024-05-25,24,25,52,4.5,24,77,767
249893302,891590852,2024-05-25,85,90,16,5.0,61,80,768
799202395,708257341,2024-05-26,81,23,17,6.25,92,78,769
731181117,555578544,2024-05-27,52,88,55,6.0,100,46,770
656746076,169333355,2024-05-27,78,61,6,0.8,49,60,771
663125511,995536838,2024-05-27,44,97,76,10.0,80,33,772
580055343,834012709,2024-05-27,38,94,87,1.8,89,100,773
407950753,471834911,2024-05-28,31,43,80,1.5,46,78,774
734015721,386225251,2024-05-28,46,28,73,9.0,65,57,775
536805293,477324446,2024-05-28,88,74,97,9.0,79,5,776
21705225,909409550,2024-05-28,90,75,43,1.5,80,57,777
556800982,574125368,2024-05-28,64,66,28,8.0,25,52,778
484146162,100608515,2024-05-29,55,93,84,20.0,46,84,779
716315875,918591733,2024-05-29,88,83,42,15.0,61,59,780
345381180,409074937,2024-05-29,29,39,80,4.0,23,85,781
489576116,343346888,2024-05-30,31,44,9,3.0,46,9,782
322610008,260735798,2024-05-30,63,48,22,4.0,21,90,783
341101040,144276604,2024-05-30,75,85,27,4.5,26,68,784
741325528,417131053,2024-05-30,63,62,98,2.5,62,45,785
157974824,468304835,2024-05-30,32,27,26,5.0,38,79,786
768540095,388833382,2024-05-31,65,61,82,2.0,29,11,787
940923355,766412070,2024-06-13,57,43,46,2.5,87,88,788
991945600,700646828,2024-06-14,57,25,98,2.5,78,37,789
402058252,684930378,2024-06-14,38,37,27,3.5,45,88,790
696745387,43130298,2024-06-15,59,27,63,1.75,92,82,791
42936969,690876645,2024-06-15,37,38,24,4.0,93,32,792
218902826,323711686,2024-06-15,48,12,62,7.0,59,23,793
657593721,216345781,2024-06-16,33,60,67,6.0,20,7,794
363833677,880206814,2024-06-16,32,38,23,2.5,52,11,795
845467624,347309079,2024-06-16,43,41,100,8.0,27,78,796
778270820,465907639,2024-06-16,97,20,8,6.5,51,51,797
575622358,226446447,2024-06-17,37,94,76,15.0,94,66,798
932188108,59666460,2024-06-17,74,60,27,4.0,99,68,799
813544203,154665131,2024-06-18,76,57,78,9.0,52,86,800
576135779,290099132,2024-06-19,100,21,64,7.0,20,13,801
499198798,824823670,2024-06-19,64,31,91,1.9,85,42,802
705424269,277727906,2024-06-19,41,22,11,7.0,86,30,803
436708544,166564821,2024-06-20,84,95,22,2.85,48,82,804
294366570,121407809,2024-06-20,61,8,45,4.0,73,64,805
106177581,869957254,2024-06-20,24,14,5,4.0,98,9,806
507722613,746194608,2024-06-20,86,23,1,9.0,100,86,807
265354727,179391338,2024-06-21,93,25,23,7.0,72,83,808
886028210,264119126,2024-06-22,99,96,39,10.0,94,89,809
839663280,503053936,2024-06-22,30,29,70,7.5,80,43,810
212521360,283141189,2024-06-22,75,23,34,2.5,100,54,811
899224773,994550707,2024-06-22,39,53,64,2.75,92,8,812
158847413,394127454,2024-06-22,77,58,13,3.5,63,28,813
822433180,186311458,2024-06-23,43,63,80,1.8,33,96,814
338077247,944533755,2024-06-23,58,17,26,7.0,62,89,815
78585487,929916167,2024-06-23,64,14,44,8.0,53,33,816
273870428,623122748,2024-06-23,88,42,68,20.0,92,29,817
797410770,677717656,2024-06-24,72,87,39,6.0,94,57,818
340863222,340179457,2024-06-24,12,7,48,2.3,66,4,819
931663169,211560102,2024-06-24,58,81,66,25.0,85,78,820
745489313,698327009,2024-06-24,99,59,12,5.0,52,57,821
537107630,461719624,2024-06-25,25,95,71,2.0,24,76,822
641197804,534979614,2024-06-25,98,43,9,4.5,86,62,823
408109261,565541762,2024-06-26,75,47,33,12.5,33,12,824
915531774,749434552,2024-06-26,80,43,80,7.0,64,53,825
391923521,740627176,2024-06-26,20,9,12,30.5,46,32,826
638901246,292731595,2024-06-27,93,50,43,5.0,76,35,827
719544501,261356134,2024-06-27,66,49,41,10.0,27,37,828
3572313,936196639,2024-06-29,10,86,23,10.0,24,52,829
297567042,204262191,2024-06-29,90,52,50,4.0,63,14,830
925518504,228365101,2024-06-29,19,81,33,1.5,39,85,831
613179944,32205535,2024-06-29,72,20,71,2.5,87,68,832
32763931,422248186,2024-06-30,60,36,28,4.5,26,29,833
22756061,218290398,2024-06-30,26,16,69,1.2,64,79,834
729700239,647523122,2024-06-30,85,86,21,6.5,78,53,835
366794670,605087567,2024-06-30,90,22,20,4.5,81,88,836
134099040,343035097,2024-06-30,35,20,42,25.25,53,56,837
884080310,910023027,2024-06-30,50,40,69,2.5,28,98,838
573593397,546591177,2024-07-13,43,40,30,7.0,95,26,839
10502246,804625807,2024-07-13,99,68,1,5.5,59,16,840
475810363,83592568,2024-07-14,99,10,88,12.0,69,98,841
336706797,740327560,2024-07-14,45,56,64,7.5,35,82,842
695787930,377285274,2024-07-14,44,67,31,2.5,44,72,843
756724378,201039525,2024-07-15,62,40,86,6.0,45,86,844
312115803,755039347,2024-07-16,16,9,32,5.0,50,98,845
498617823,221520111,2024-07-16,99,8,27,5.0,41,50,846
846240201,257693792,2024-07-17,71,77,30,1.5,34,57,847
669934234,158520491,2024-07-18,13,60,100,1.8,44,32,848
9632193,395218484,2024-07-19,43,88,33,1.0,84,75,849
994203592,886475082,2024-07-19,22,24,94,6.0,47,71,850
766237844,844983849,2024-07-19,29,33,88,0.8,50,35,851
280038065,425797177,2024-07-19,79,47,51,9.5,83,69,852
280082951,641181480,2024-07-20,95,29,28,4.0,52,46,853
454020421,872016047,2024-07-20,70,84,72,8.0,71,20,854
739420508,370573553,2024-07-20,61,100,94,4.0,76,2,855
222669291,155500171,2024-07-20,11,17,59,6.0,69,100,856
60686793,949586101,2024-07-20,39,80,68,2.5,46,54,857
580638633,219325200,2024-07-21,50,3,88,4.5,69,73,858
274423654,575442465,2024-07-21,59,17,1,30.0,69,82,859
30439933,484504126,2024-07-21,16,23,76,6.1,50,27,860
991371730,657973468,2024-07-22,62,79,23,1.5,32,80,861
96227119,597813399,2024-07-22,30,81,99,9.0,99,3,862
953561566,572042098,2024-07-22,13,61,77,5.5,42,18,863
223191377,822661796,2024-07-23,14,16,93,2.0,39,30,864
891814523,547493622,2024-07-23,46,6,64,10.0,63,29,865
385559147,353707603,2024-07-23,62,23,25,15.5,34,68,866
536674109,408004739,2024-07-23,16,75,42,2.0,22,46,867
144898669,284365158,2024-07-24,54,69,68,1.75,77,56,868
260318070,110964003,2024-07-25,57,99,23,2.0,89,21,869
472212470,307807583,2024-07-25,17,45,44,6.0,37,16,870
673824435,499010828,2024-07-25,99,37,74,2.1,46,46,871
940292717,378789392,2024-07-26,40,8,98,4.0,86,12,872
478666589,782031075,2024-07-26,41,61,69,1.0,30,100,873
943553070,733939432,2024-07-26,14,52,80,6.8,64,17,874
823427339,143259173,2024-07-27,80,61,23,5.5,63,75,875
804595950,48662231,2024-07-27,74,10,74,20.0,100,66,876
672486306,861736891,2024-07-27,77,54,10,2.5,64,73,877
689738812,319557362,2024-07-27,44,77,45,2.0,89,64,878
113257396,989407545,2024-07-28,92,46,13,5.0,24,75,879
687616907,311993683,2024-07-28,26,18,62,2.5,57,86,880
625090666,164191419,2024-07-28,13,88,7,9.5,24,21,881
444760390,485623582,2024-07-28,90,92,56,2.5,71,13,882
82132058,131799553,2024-07-28,43,73,14,4.0,59,65,883
355292933,575916452,2024-07-28,85,54,18,4.0,85,44,884
243643341,132908513,2024-07-29,44,84,63,2.5,51,67,885
656441394,232801300,2024-07-29,26,95,36,4.5,92,14,886
884013700,392996093,2024-07-29,86,66,24,2.5,30,6,887
474417682,909981236,2024-07-29,40,91,24,4.0,28,47,888
689772498,262221156,2024-07-30,88,99,41,5.5,93,99,889
375673218,32574437,2024-07-30,37,47,34,9.5,38,89,890
879033486,903788463,2024-07-30,21,25,39,4.0,79,30,891
963167600,766717104,2024-07-31,70,31,55,4.5,23,80,892
8429790,370792530,2024-07-31,65,94,4,2.5,66,36,893
961640607,156553923,2024-07-31,89,79,66,5.0,91,31,894
42402226,658426819,2024-08-13,47,48,73,6.0,42,51,895
977722336,197044404,2024-08-13,70,30,69,3.5,44,42,896
638225278,276361606,2024-08-13,14,66,1,6.0,86,15,897
199670632,904451753,2024-08-14,53,86,54,3.0,44,3,898
289868001,372812537,2024-08-14,65,69,4,6.0,80,26,899
441282185,790917381,2024-08-14,98,20,81,4.75,51,23,900
843277787,975710561,2024-08-14,83,35,43,0.2,94,68,901
503645828,172396309,2024-08-15,89,57,92,5.0,38,16,902
653682479,995708162,2024-08-15,23,21,59,2.4,81,8,903
172535688,426382086,2024-08-15,39,55,39,3.0,47,59,904
292051132,380371699,2024-08-16,22,72,70,4.5,32,19,905
648548664,198937698,2024-08-16,79,3,36,4.0,46,29,906
666279752,878396400,2024-08-17,49,73,48,12.0,52,62,907
627957801,83120872,2024-08-17,35,41,84,1.8,62,14,908
406830283,270609944,2024-08-17,27,64,78,2.0,57,4,909
874238486,129474739,2024-08-17,63,4,46,2.5,40,69,910
164995059,90906360,2024-08-18,77,20,5,4.5,61,62,911
53342923,417726271,2024-08-18,14,74,71,1.5,37,22,912
748453299,217921000,2024-08-18,63,92,26,8.0,93,99,913
102497928,698610313,2024-08-18,85,4,75,6.5,95,70,914
87258156,321964714,2024-08-18,59,59,10,7.0,57,50,915
412408856,281627486,2024-08-18,79,53,12,9.0,45,95,916
352579312,359274986,2024-08-18,80,100,48,12.0,100,28,917
139808804,206081290,2024-08-19,100,3,32,2.0,98,91,918
689776854,738309633,2024-08-19,90,30,42,5.0,76,69,919
907739557,21655779,2024-08-20,85,28,21,3.0,45,89,920
893289019,630570462,2024-08-20,63,43,8,1.5,55,72,921
590752457,187332453,2024-08-21,97,26,15,2.5,33,58,922
316276025,170848551,2024-08-22,56,62,64,2.5,56,73,923
288249017,937123934,2024-08-22,19,94,17,11.5,96,74,924
68585680,632312829,2024-08-22,15,34,57,6.5,49,96,925
387327667,886633393,2024-08-23,18,52,22,3.5,42,32,926
852373505,922961266,2024-08-23,88,50,88,8.0,78,28,927
731176105,747297466,2024-08-23,44,48,77,2.5,67,79,928
464365351,74710050,2024-08-24,80,54,21,8.5,81,37,929
563035256,298215359,2024-08-24,58,24,25,10.0,75,26,930
573941587,595957531,2024-08-25,57,63,41,1.5,53,94,931
519349117,343899922,2024-08-25,30,55,4,6.0,56,31,932
773771659,646743902,2024-08-25,74,22,91,9.5,24,12,933
272622437,51812682,2024-08-26,80,9,29,8.1,54,62,934
710854290,265933478,2024-08-26,31,98,72,1.8,91,29,935
876751506,216978128,2024-08-26,31,89,7,5.9,46,54,936
772242227,892265813,2024-08-26,75,46,75,9.5,43,77,937
946584945,91530763,2024-08-27,65,10,81,2.0,71,61,938
155623712,532437800,2024-08-27,33,89,15,2.5,90,52,939
985467398,379212953,2024-08-27,80,69,71,1.75,41,43,940
361770573,626870951,2024-08-27,92,1,23,2.5,78,36,941
393583340,868414440,2024-08-27,71,60,62,4.5,60,63,942
117331756,279708649,2024-08-28,52,81,53,2.0,95,88,943
10262772,205320144,2024-08-28,40,61,47,10.0,76,10,944
841987276,341586684,2024-08-29,60,88,65,4.0,94,15,945
568100550,941459423,2024-08-29,71,7,6,7.5,52,68,946
407518635,488783021,2024-08-30,44,80,84,3.4,96,68,947
143059690,134579946,2024-08-30,19,17,14,4.3,58,23,948
837270814,796561990,2024-08-30,11,87,64,4.5,29,6,949
710159181,561969896,2024-08-30,22,35,55,6.0,41,27,950
515725497,430353382,2024-08-31,15,44,88,3.0,56,12,951
67974963,418210197,2024-08-31,52,8,37,6.0,38,81,952
421415718,676623444,2024-09-13,100,31,43,9.0,88,52,953
376060510,94896314,2024-09-13,18,64,86,1.0,73,38,954
444809446,350006015,2024-09-13,39,13,13,2.5,84,93,955
782370277,503145433,2024-09-15,46,27,76,5.0,64,96,956
879970228,551566528,2024-09-15,71,4,37,3.0,81,25,957
426743917,260804944,2024-09-15,41,76,47,2.65,50,50,958
281857303,971430641,2024-09-15,59,31,3,10.0,48,51,959
458522446,375675710,2024-09-15,73,12,28,15.0,89,92,960
568316199,996802351,2024-09-16,49,48,62,15.0,96,37,961
825384809,743572990,2024-09-16,83,61,4,1.0,35,7,962
876980944,737170190,2024-09-17,56,12,59,98.43,35,16,963
309642694,429762737,2024-09-18,48,72,55,3.0,51,41,964
93357793,969187047,2024-09-18,66,19,20,2.4,30,49,965
990335661,324586452,2024-09-19,42,3,21,2.0,35,22,966
901287973,914176283,2024-09-19,49,3,7,6.25,75,46,967
527976961,757938978,2024-09-19,46,80,88,7.0,62,22,968
392325341,233192681,2024-09-21,20,34,74,4.5,50,83,969
469316897,229468052,2024-09-21,29,32,26,2.5,64,85,970
569378675,379963243,2024-09-21,62,91,14,2.5,41,77,971
548306971,940066480,2024-09-21,100,61,21,7.0,85,79,972
908659150,580534926,2024-09-22,28,24,97,2.5,82,5,973
428876557,490922735,2024-09-23,26,82,19,1.5,76,88,974
941905193,957782888,2024-09-23,67,68,50,1.5,67,82,975
4409568,436052448,2024-09-23,53,98,25,10.0,55,51,976
742943760,812336894,2024-09-23,49,17,54,4.0,45,96,977
668066051,198755642,2024-09-23,63,12,82,1.7,56,31,978
818442979,25757332,2024-09-24,73,87,46,4.0,47,67,979
800728774,612228413,2024-09-24,89,95,41,18.0,76,96,980
800391261,379947932,2024-09-25,26,97,12,6.0,94,58,981
582190241,425231857,2024-09-26,50,36,81,10.0,27,6,982
945288088,688855553,2024-09-26,43,7,63,9.0,66,71,983
953490828,439772343,2024-09-27,97,57,84,7.0,95,28,984
30611344,852115357,2024-09-27,98,65,76,12.0,62,47,985
679845368,397147313,2024-09-27,52,56,34,12.0,31,69,986
447821395,541329762,2024-09-29,72,72,68,1.5,39,78,987
759279108,274067972,2024-09-29,24,32,17,1.0,55,72,988
786144402,510144287,2024-09-30,81,99,28,2.0,20,85,989
19035373,379020286,2024-09-30,94,77,89,6.0,40,84,990
